Variant	Gene	Transcript	Consequence	Exon	Intron	cDNA	Protein	CADD_Phred	Max_AF	gnomAD_AC_WES	gnomAD_AC_WGS	Carriers	Samples
chr8-60808342-T-A	CHD7	ENST00000423902	intron_variant		7/37	ENST00000423902.7:c.2498+70T>A		0.817	0.0219			25493,26521,27222,28870	74
chr8-60836751-TA-T	CHD7	ENST00000423902	intron_variant		16/37	ENST00000423902.7:c.3990-59del		0.002	-1			21558,23403	74
chr8-60837633-C-A	CHD7	ENST00000423902	intron_variant		17/37	ENST00000423902.7:c.4186-35C>A		4.192	-1			29160	74
chr8-60838289-T-C	CHD7	ENST00000423902	intron_variant		19/37	ENST00000423902.7:c.4533+34T>C		0.092	0.005			29368	74
chr8-60841790-C-T	CHD7	ENST00000423902	intron_variant		20/37	ENST00000423902.7:c.4644+36C>T		0.258	0.004			21494,26138	74
chr8-60845225-A-G	CHD7	ENST00000423902	intron_variant		22/37	ENST00000423902.7:c.5051-25A>G		0.030	0.002676			24603	74
chr8-60848657-C-T	CHD7	ENST00000423902	intron_variant		24/37	ENST00000423902.7:c.5300+53C>T		0.084	0.001			26993	74
chr8-60849194-G-A	CHD7	ENST00000423902	intron_variant		25/37	ENST00000423902.7:c.5404+40G>A		16.97	0.0043			24741	74
chr8-60852279-C-G	CHD7	ENST00000423902	intron_variant		29/37	ENST00000423902.7:c.5894+32C>G		0.186	0.02162			30869,30871	74
chr8-60852298-C-A	CHD7	ENST00000423902	intron_variant		29/37	ENST00000423902.7:c.5894+51C>A		0.153	0.0038			31711-II	74
chr8-60852299-T-G	CHD7	ENST00000423902	intron_variant		29/37	ENST00000423902.7:c.5894+52T>G		5.095	0.0038			31711-II	74
chr8-60852431-A-G	CHD7	ENST00000423902	intron_variant		29/37	ENST00000423902.7:c.5895-67A>G		0.496	0.001			26469	74
chr8-60864956-T-C	CHD7	ENST00000423902	intron_variant		37/37	ENST00000423902.7:c.8077-60T>C		0.028	0.001			23991	74
chr8-60741739-T-A	CHD7	ENST00000423902	missense_variant	2/38		ENST00000423902.7:c.307T>A	ENSP00000392028.1:p.Ser103Thr	22.9	0.0219	3064	387	25493,26521,27222,28870	74
chr8-60742501-A-G	CHD7	ENST00000423902	missense_variant	2/38		ENST00000423902.7:c.1069A>G	ENSP00000392028.1:p.Ser357Gly	23.2	-1			23764	74
chr8-60821790-C-T	CHD7	ENST00000423902	missense_variant	10/38		ENST00000423902.7:c.2698C>T	ENSP00000392028.1:p.Pro900Ser	23.2	3.02e-05	2		30598	74
chr8-60856859-A-C	CHD7	ENST00000423902	missense_variant	34/38		ENST00000423902.7:c.7579A>C	ENSP00000392028.1:p.Met2527Leu	15.10	0.005084	426	66	25449	74
chr8-60865189-T-G	CHD7	ENST00000423902	missense_variant	38/38		ENST00000423902.7:c.8250T>G	ENSP00000392028.1:p.Phe2750Leu	6.748	0.004	52		28950	74
chr8-60845246-C-T	CHD7	ENST00000423902	splice_region_variant		22/37	ENST00000423902.7:c.5051-4C>T		8.019	0.0119			29674,30471	74
chr8-60781401-G-A	CHD7	ENST00000423902	synonymous_variant	3/38		ENST00000423902.7:c.2067G>A	ENSP00000392028.1:p.Thr689%3D	8.947	0.004596			24741	74
chr8-60852836-C-T	CHD7	ENST00000423902	synonymous_variant	31/38		ENST00000423902.7:c.6111C>T	ENSP00000392028.1:p.Pro2037%3D	0.015	0.02113			30869,30871	74
chr8-60856831-A-G	CHD7	ENST00000423902	synonymous_variant	34/38		ENST00000423902.7:c.7551A>G	ENSP00000392028.1:p.Lys2517%3D	8.928	0.002735			30869,30871	74
